{
  "anchors": [
    6.12,
    6.12,
    6.56,
    6.41,
    6.72,
    6.72,
    5.41,
    5.11,
    5.84,
    5.69
  ],
  "inputs": {
    "input0": [
      224,
      224,
      3
    ]
  },
  "outputs": {
    "output0": [
      7,
      7,
      35
    ]
  },
  "params_quantity": 1859891,
  "loss": [
    [
      1,
      4.59717
    ],
    [
      2,
      5.00803
    ],
    [
      3,
      3.51416
    ],
    [
      4,
      2.43413
    ],
    [
      5,
      1.85507
    ],
    [
      6,
      1.46542
    ],
    [
      7,
      0.72472
    ],
    [
      8,
      0.48824
    ],
    [
      9,
      0.26827
    ],
    [
      10,
      0.18372
    ],
    [
      11,
      0.1482
    ],
    [
      12,
      0.11864
    ],
    [
      13,
      0.09859
    ],
    [
      14,
      0.0945
    ],
    [
      15,
      0.10313
    ],
    [
      16,
      0.07994
    ],
    [
      17,
      0.05801
    ],
    [
      18,
      0.04373
    ],
    [
      19,
      0.03754
    ],
    [
      20,
      0.03595
    ],
    [
      21,
      0.0326
    ],
    [
      22,
      0.026
    ],
    [
      23,
      0.02447
    ],
    [
      24,
      0.01908
    ],
    [
      25,
      0.02108
    ],
    [
      26,
      0.01867
    ],
    [
      27,
      0.01566
    ],
    [
      28,
      0.0145
    ],
    [
      29,
      0.01269
    ],
    [
      30,
      0.013
    ],
    [
      31,
      0.01233
    ],
    [
      32,
      0.0116
    ],
    [
      33,
      0.01052
    ],
    [
      34,
      0.01074
    ],
    [
      35,
      0.00993
    ],
    [
      36,
      0.00971
    ],
    [
      37,
      0.00918
    ],
    [
      38,
      0.0095
    ],
    [
      39,
      0.00804
    ],
    [
      40,
      0.00865
    ],
    [
      41,
      0.00792
    ],
    [
      42,
      0.0081
    ],
    [
      43,
      0.00688
    ],
    [
      44,
      0.0075
    ],
    [
      45,
      0.00675
    ],
    [
      46,
      0.00673
    ],
    [
      47,
      0.00616
    ],
    [
      48,
      0.00685
    ],
    [
      49,
      0.0061
    ],
    [
      50,
      0.00635
    ],
    [
      51,
      0.00549
    ],
    [
      52,
      0.00568
    ],
    [
      53,
      0.00626
    ],
    [
      54,
      0.00535
    ],
    [
      55,
      0.00508
    ],
    [
      56,
      0.00487
    ],
    [
      57,
      0.00474
    ],
    [
      58,
      0.00509
    ],
    [
      59,
      0.00494
    ],
    [
      60,
      0.0045
    ],
    [
      61,
      0.00434
    ],
    [
      62,
      0.00421
    ],
    [
      63,
      0.00399
    ],
    [
      64,
      0.00396
    ],
    [
      65,
      0.00396
    ],
    [
      66,
      0.00395
    ],
    [
      67,
      0.00389
    ],
    [
      68,
      0.00378
    ],
    [
      69,
      0.00388
    ],
    [
      70,
      0.00371
    ],
    [
      71,
      0.0035
    ],
    [
      72,
      0.00373
    ],
    [
      73,
      0.00354
    ],
    [
      74,
      0.00343
    ],
    [
      75,
      0.00354
    ],
    [
      76,
      0.00355
    ],
    [
      77,
      0.00314
    ],
    [
      78,
      0.00344
    ],
    [
      79,
      0.00315
    ],
    [
      80,
      0.00329
    ],
    [
      81,
      0.00352
    ],
    [
      82,
      0.00335
    ],
    [
      83,
      0.00342
    ],
    [
      84,
      0.00325
    ],
    [
      85,
      0.00291
    ],
    [
      86,
      0.00312
    ],
    [
      87,
      0.00289
    ],
    [
      88,
      0.00296
    ],
    [
      89,
      0.00313
    ],
    [
      90,
      0.00294
    ],
    [
      91,
      0.00284
    ],
    [
      92,
      0.00282
    ],
    [
      93,
      0.00271
    ],
    [
      94,
      0.00282
    ],
    [
      95,
      0.00291
    ],
    [
      96,
      0.00248
    ],
    [
      97,
      0.00255
    ],
    [
      98,
      0.00275
    ],
    [
      99,
      0.00266
    ],
    [
      100,
      0.00273
    ]
  ],
  "acc": [
    [
      1,
      0.26116
    ],
    [
      2,
      0.09873
    ],
    [
      3,
      0.14793
    ],
    [
      4,
      0.16934
    ],
    [
      5,
      0.13138
    ],
    [
      6,
      0.12693
    ],
    [
      7,
      0.13619
    ],
    [
      8,
      0.13875
    ],
    [
      9,
      0.12475
    ],
    [
      10,
      0.10987
    ],
    [
      11,
      0.10691
    ],
    [
      12,
      0.112
    ],
    [
      13,
      0.11545
    ],
    [
      14,
      0.10926
    ],
    [
      15,
      0.10979
    ],
    [
      16,
      0.11036
    ],
    [
      17,
      0.10893
    ],
    [
      18,
      0.10656
    ],
    [
      19,
      0.1052
    ],
    [
      20,
      0.10437
    ],
    [
      21,
      0.10342
    ],
    [
      22,
      0.10112
    ],
    [
      23,
      0.0993
    ],
    [
      24,
      0.10011
    ],
    [
      25,
      0.10068
    ],
    [
      26,
      0.09945
    ],
    [
      27,
      0.09903
    ],
    [
      28,
      0.09954
    ],
    [
      29,
      0.10026
    ],
    [
      30,
      0.09899
    ],
    [
      31,
      0.09778
    ],
    [
      32,
      0.09765
    ],
    [
      33,
      0.09763
    ],
    [
      34,
      0.09763
    ],
    [
      35,
      0.09871
    ],
    [
      36,
      0.09765
    ],
    [
      37,
      0.09739
    ],
    [
      38,
      0.09787
    ],
    [
      39,
      0.09724
    ],
    [
      40,
      0.09612
    ],
    [
      41,
      0.09443
    ],
    [
      42,
      0.09454
    ],
    [
      43,
      0.09568
    ],
    [
      44,
      0.09695
    ],
    [
      45,
      0.09482
    ],
    [
      46,
      0.09581
    ],
    [
      47,
      0.09572
    ],
    [
      48,
      0.09451
    ],
    [
      49,
      0.09383
    ],
    [
      50,
      0.09522
    ],
    [
      51,
      0.09447
    ],
    [
      52,
      0.09438
    ],
    [
      53,
      0.09298
    ],
    [
      54,
      0.09555
    ],
    [
      55,
      0.09416
    ],
    [
      56,
      0.09511
    ],
    [
      57,
      0.09495
    ],
    [
      58,
      0.0935
    ],
    [
      59,
      0.09449
    ],
    [
      60,
      0.09348
    ],
    [
      61,
      0.09412
    ],
    [
      62,
      0.09386
    ],
    [
      63,
      0.09342
    ],
    [
      64,
      0.09304
    ],
    [
      65,
      0.09414
    ],
    [
      66,
      0.0946
    ],
    [
      67,
      0.09491
    ],
    [
      68,
      0.09329
    ],
    [
      69,
      0.09331
    ],
    [
      70,
      0.09357
    ],
    [
      71,
      0.09394
    ],
    [
      72,
      0.09414
    ],
    [
      73,
      0.09282
    ],
    [
      74,
      0.09228
    ],
    [
      75,
      0.09355
    ],
    [
      76,
      0.09243
    ],
    [
      77,
      0.09355
    ],
    [
      78,
      0.09212
    ],
    [
      79,
      0.0939
    ],
    [
      80,
      0.09263
    ],
    [
      81,
      0.09344
    ],
    [
      82,
      0.0939
    ],
    [
      83,
      0.09381
    ],
    [
      84,
      0.09311
    ],
    [
      85,
      0.09291
    ],
    [
      86,
      0.09408
    ],
    [
      87,
      0.09318
    ],
    [
      88,
      0.09355
    ],
    [
      89,
      0.09324
    ],
    [
      90,
      0.0935
    ],
    [
      91,
      0.09258
    ],
    [
      92,
      0.09357
    ],
    [
      93,
      0.09241
    ],
    [
      94,
      0.09155
    ],
    [
      95,
      0.09359
    ],
    [
      96,
      0.0935
    ],
    [
      97,
      0.09434
    ],
    [
      98,
      0.09322
    ],
    [
      99,
      0.09276
    ],
    [
      100,
      0.09241
    ]
  ],